"Seven nails","4721 N Main St K, Houston, TX 77009"
"Westbury Nails","8035 W Airport Blvd #121, Houston, TX 77071"
"River Oaks Nails & Spa","1305 S Shepherd Dr, Houston, TX 77019"
"Z Nails Salon","1828 Airline Dr Suites B, Houston, TX 77009"
"Fresh Nails","9566 Homestead Rd, Houston, TX 77016"
"Kelley Nail","4003 Kelley St, Houston, TX 77026"
"Nails Unique","3733 Westheimer Rd # 2, Houston, TX 77027"
"POPULAR NAIL BAR","9433 Jones Rd, Houston, TX 77065"
"Dripped Nails & Spa","2100 Travis St suite 1505, Houston, TX 77002"
"Elegant Nails Spa","13123 Veterans Memorial Dr, Houston, TX 77014"
"Nails And Beauty Bar","636 Cypress Station Dr, Houston, TX 77090"
"LV Nails Spa","3902 N Shepherd Dr #A1, Houston, TX 77018"
"LUVISH NAILS LOUNGE","5600 Kirby Dr S-1, Houston, TX 77005"
"Queen Nails","926 E Tidwell Rd, Houston, TX 77022"
"Fizz Nails & Waxing","6001 Washington Ave ste 300, Houston, TX 77007"
"Neon Nail","1003 W Gray St, Houston, TX 77019"
"Citris Nail Spa the Heights","174 Yale St, Houston, TX 77007"
"Nails Spa Co","2433 Bissonnet St, Houston, TX 77005"
"Chelsea Nails","20 E Crosstimbers St, Houston, TX 77022"
"Posh Nails and Spa Houston","5885 San Felipe St #425, Houston, TX 77057"
"Trust Thy Nail Tech Studio","2425 B Emancipation Ave, Houston, TX 77004"
"Rice Village Nail and Spa","2368 Rice Boulevard suite c, Houston, TX 77005"
"Magic Nails","4622 Irvington Blvd, Houston, TX 77009"
"C Nails & Spa","5383 Westheimer Rd, Houston, TX 77056"
"Fizz Nails","1533 N Shepherd Dr Ste 150, Houston, TX 77008"
"Regal Nails, Salon & Spa","2727 Dunvale Rd, Houston, TX 77063"
"ISLE PEDISPA","2800 Kirby Dr b234, Houston, TX 77098"
"Lee's Nails","4802 Almeda Rd, Houston, TX 77004"
"ritual pedi spa","Located in Ella Plaza, 3464 Ella Blvd, Houston, TX 77018"
"Nail Salon","1523 Little York Rd, Houston, TX 77093"
"Tanglewood Nails","5750 Woodway Dr #132, Houston, TX 77057"
"Hollywood Nails & Spa","1106 Silber Rd Suite A-2, Houston, TX 77055"
"Ella Nails Spa","4222 Ella Blvd, Houston, TX 77018"
"Celine Organic Nails & Spa","5012 Kirby Dr, Houston, TX 77098"
"Envimei","2710 McGowen St, Houston, TX 77004"
"American Beauty Nails","6509 Westheimer Rd Ste C, Houston, TX 77057"
"Merchants Park Nail Salon","918 N Durham Dr Suite A, Houston, TX 77008"
"Your Nailtime & Spa","1950 W Gray St #3, Houston, TX 77019"
"Days Spa Nails & Facial","532 Waugh Dr, Houston, TX 77019"
"CH Nails Studio","4120 Washington Ave Ste C, Houston, TX 77007"
"Borgata Nail Salon","2626 Yale St, Houston, TX 77008"
"Coco Nail Spa","5230 Buffalo Speedway, Houston, TX 77005"
"Avalon Nail Salon","1305 S Shepherd Dr a, Houston, TX 77019"
"Prestigious Nails","502 E 20th St A, Houston, TX 77008"
"Luxe Nail Bar","9612 Hwy 6 #120, Missouri City, TX 77459"
"U.S Nails Spa","5909 Scott St F, Houston, TX 77021"
"Polished Nail Lounge","1004 N Shepherd Dr, Houston, TX 77008"
"Fancy Nails & Spa","Houston, TX 77081"
"J C Nails","8103 Homestead Rd, Houston, TX 77028"
"Parkview Nails","920 Studemont St, Houston, TX 77007"
"House Of Nails","869 Frostwood Dr, Houston, TX 77024"
"Top Art Nails","4917 Griggs Rd, Houston, TX 77021"
"Paradise Nail & Facial","2617 W Holcombe Blvd suite E, Houston, TX 77030"
"Paradise Nails & Spa","7951 Katy Fwy, Houston, TX 77024"
"PG NAILS SPA","11126 Westheimer Rd, Houston, TX 77042"
"Glo Nail Lounge","3004 Yale St #400, Houston, TX 77018"
"Summit Nails","5324 Weslayan St, Houston, TX 77005"
"Heights Salon","2428 Yale St B, Houston, TX 77008"
"Paloma Beauty","714 Yale St Suite 2-D, Houston, TX 77007"
"E Z Nails","7210 Capitol St, Houston, TX 77011"
"Nails by April","1509 W 18th St, Houston, TX 77008"
"Fizz Nail Lounge","4717 Westheimer Rd, Houston, TX 77027"
"U.S. Nails Houston","10958 North Fwy, Houston, TX 77037"
"Nails of America Riveroaks","2055 Westheimer Rd suite 135, Houston, TX 77098"
"Nail Time","5535 Memorial Dr M, Houston, TX 77007"
"Nice Nail Salon","7046 Bissonnet St, Houston, TX 77074"
"NAILOLOGY","2902 N Shepherd Dr B, Houston, TX 77008"
"Got Nails University","3749 D, Erie St, Houston, TX 77017"
"Maldives Spa & Nails","2240 Navigation Blvd #600, Houston, TX 77003"
"Classic Nails (10% OFF New Customers)","5201 Richmond Ave. G, Houston, TX 77056"
"Heights Nail Spa","1901 Taylor St F, Houston, TX 77007"
"Tu Nail and Spa","6306 Fairbanks North Houston Rd, Houston, TX 77040"
"Nails & Skin Care","11900 Beechnut St, Houston, TX 77072"
"Uptown Galleria Nails & Spa Houston","2400 Mid Ln SUITE #300, Houston, TX 77027"
"Midtown Nails and Spa","2204 Louisiana St, Houston, TX 77002"
"Susan's Nail & Facial","2539 Times Blvd, Houston, TX 77005"
"Hollywood Hair & Nail Salon","2409 Grant St B, Houston, TX 77006"
"Cosmo Nails & Lashes Studio","2495 S Braeswood Blvd, Houston, TX 77030"
"Palazzio Nail Lounge","9417 Katy Fwy, Houston, TX 77024"
"Glam Nails & Spa","608 W Bough Ln, Houston, TX 77024"
"VNH Nail Spa","6606 Irvington Blvd, Houston, TX 77022"
"Miracle Nails","5741 5727 Westheimer Rd D, Houston, TX 77057"
"Accustom Nails & Facials","5851 Scott St, Houston, TX 77021"
"Soho Nail Lounge","9738 Katy Fwy #200, Houston, TX 77055"
"Sola Salon Studios","535 W 20th St, Houston, TX 77008"
"Paris's Nails and Spa","7670 Katy Fwy Suite 90, Houston, TX 77024"
"Cha Nails Spa (10% Off Coupon)","4210 San Felipe St, Houston, TX 77027"
"Vuvuzela Nail Spa","18002 Park Row Dr Suite # 200, Houston, TX 77084"
"Milano Nail Spa - Galleria","5000 Westheimer Rd suite 610, Houston, TX 77056"
"Sojourn De Nails","1625 Main St suite a-2, Houston, TX 77002"
"The Venetian Nail Spa - MKT","600 N Shepherd Dr #480, Houston, TX 77007"
"Gelina Hair & Nail Salon","1811 Wirt Rd # D, Houston, TX 77055"
"West U Nails & Facial","4001 Bellaire Blvd # E, Houston, TX 77025"
"Montrose Nails","1952 Montrose Blvd C, Houston, TX 77006"
"L.A Central Nails","3821 Old Spanish Trl B, Houston, TX 77021"
"Wayside Nails","900 S Wayside Dr # 750, Houston, TX 77023"
"N Nails","3815 Irvington Blvd D, Houston, TX 77009"
"Dreams Nail Spa","3017 Kirby Dr, Houston, TX 77098"
"Instyle Nails","2370 W Alabama St, Houston, TX 77098"
"Star Nails","1551 Campbell Rd Ste. M, Houston, TX 77055"
"N & T Nails","106 Westheimer Rd C, Houston, TX 77006"
"Nail'D It Salon","226 E Crosstimbers St, Houston, TX 77022"
"Trendi Nails & Facial","5427 Bellaire Blvd a, Bellaire, TX 77401"
"Houston Nail & Facials","14360 Bellaire Blvd # 106, Houston, TX 77083"
"Envision Nails","3429 Kirby Dr, Houston, TX 77098"
"USA #1 Nails","1409 Wilcrest Dr, Houston, TX 77042"
"Nails by Mai Nguyen","5535 Weslayan St, Houston, TX 77005"
"GLO NAILS","13175 W Lake Houston Pkwy, Houston, TX 77044"
"Nails By Mary","2044 Colquitt St, Houston, TX 77098"
"Nailed By Em","2438 Sunset Blvd, Houston, TX 77005"
"Retreat Nails Spa","1507 W 18th St Ste 214, Houston, TX 77008"
"West Gray Nails and Spa","1909 W Gray St, Houston, TX 77019"
"Best Nails & Spa","3727 N MacGregor Way, Houston, TX 77004"
"K H Nails","7431 Cullen Blvd, Houston, TX 77051"
"Hi Nails","12010 Bammel North Houston Rd Unit H, Houston, TX 77066"
"GiGi Nail Spa","3939 Washington Ave B, Houston, TX 77007"
"Tulipo Nails and Spa","13346 Briar Forest Dr #120, Houston, TX 77077"
"Nail Design","6301 Lyons Ave, Houston, TX 77020"
"Joy Nail","6705 Harrisburg Blvd, Houston, TX 77011"
"Nails Of America Heights","2401 N Shepherd Dr Ste A100, Houston, TX 77008"
"DKM Nails","2908 Fountain View Dr, Houston, TX 77057"
"Chic Nails And Spa Houston","5945 Bellaire Blvd, Houston, TX 77081"
"Nail Salon & Spa of Bunker Hill","9710 Katy Fwy #500, Houston, TX 77055"
"Dena Nails 1","3536 Lockwood Dr # K, Houston, TX 77026"
"Milano Nail Spa West U","5110C Buffalo Speedway, Houston, TX 77005"
"Pure Lux Nail Spa","949 N Shepherd Dr, Houston, TX 77008"
"Sky Nails Studio","8949 Westheimer Rd, Houston, TX 77063"
"Pro Beauty Nails","5836 N Main St Suite 1, Houston, TX 77009"
"Hair & Nail Salon","8104 W Tidwell Rd # G, Houston, TX 77040"
"River Oak Nails & Spa No 3","4046 Bellaire Blvd, Houston, TX 77025"
"Grand Lux Nail Salon Lounge","2276 Holcombe Blvd, Houston, TX 77030"
"milk + honey","2800 Kirby Dr Suite A-134, Houston, TX 77098"
"The Nail Lounge","7447 Harwin Dr. Suite #250N, Houston, TX 77036"
"M. Vince Nail Spa Regent Square","3515 W Dallas St #600, Houston, TX 77019"
"Mason's Nails Salon 10% Off Service $30+ Mon-Thurs","3939 Montrose Blvd, Houston, TX 77006"
"Gloss Nail Bar","504 W Gray St B, Houston, TX 77019"
"M. T Nails and Facial Salon LLC","4912 Washington Ave, Houston, TX 77007"
"CK Nails Spa","5213 Bellaire Blvd, Bellaire, TX 77401"
"Secret Escape Nail Lounge","2272 W Holcombe Blvd, Houston, TX 77030"
"Z'Nails","1416 Featherstone St, Houston, TX 77020"
"Alynn s Nails","7217 Scott St, Houston, TX 77021"
"Sweet Diamond Nail Lounge","3800 Southwest Fwy #126, Houston, TX 77027"
"The Elysian Boutique","2723 Yale St #103, Houston, TX 77008"
"Nailery","5819 Gulf Fwy, Houston, TX 77023"
"Elegant Nail & Spa","2620 Shepherd Dr C, Houston, TX 77098"
"Elegant Nail","2726 Bissonnet St # 250, Houston, TX 77005"
"Peint","400 Dallas St Ground Floor, Houston, TX 77002"
"SWEET MOMENT NAIL AND PEDI SPA","5821 Kirby Dr, Houston, TX 77005"
"Nail Therapie HTX","9121 A Stella Link Rd, Houston, TX 77025"
"EXECUTIVE NAILS & SPA WEST UNIVERSITY","3817 Bellaire Blvd, Houston, TX 77025"
"Nails By Judy","7808 Almeda Rd, Houston, TX 77054"
"Splend Nailworks","9700 Riverstone Ranch Dr suite h, Houston, TX 77089"
"Perfect Ten","5161 San Felipe St # 140, Houston, TX 77056"
"Infinite Nails & Spa","12120 Jones Rd, Houston, TX 77070"
"Glossed Glam Factory","1701 Webster St ste a, Houston, TX 77003"
"Dk Nails","6850 Harrisburg Blvd, Houston, TX 77011"
"Paint Nail Bar","1223 W 34th St c 100, Houston, TX 77018"
"Glow Spa & Nails","2031 Westcreek Ln Ste. 124, Houston, TX 77027"
"Uptown Nails & Spa","3211 Hillcroft St, Houston, TX 77057"
"The Venetian Nail Spa Rice Village","2715 Bissonnet St .Suite 200 ,West University Place, Houston, TX 77005"
"Lavender & Sage","3204 Jackson St, Houston, TX 77004"
"Nail Trap","659 Rouse St, Houston, TX 77020"
"Synergy Day Spa","2405 Sunset Blvd, Houston, TX 77005"
"Polish Parker and Roe","2313 Edwards St #140, Houston, TX 77007"
"Jennifer Nail & Spa","2515-A, 2515 Rice Boulevard, Houston, TX 77005"
"Red Hot Nails-Salon, Spa","250 Patton St, Houston, TX 77009"
"Fansi nails","10950 North Fwy, Houston, TX 77037"
"Olivia Rae Nail Boutique","5781 Woodway Dr, Houston, TX 77057"
"Evan Nails","2751 Gessner Rd #3736, Houston, TX 77080"
"Jasmine Nails","2033 Southwest Fwy #4805, Houston, TX 77098"
"High Class Nails By Nam","9541 S Main St, Houston, TX 77025"
"Nails By Tm ($5 OFF Services $45 and up)","3407 Montrose Blvd A6, Houston, TX 77006"
"Post Oak Nail Lounge","1735 Post Oak Blvd, Houston, TX 77056"
"Shine Envision Nails","3371 Westpark Dr #270, Houston, TX 77005"
"NT Nails Spa","8330 Long Point Rd Suite B, Houston, TX 77055"
"Milano Nail Spa","2799 Katy Fwy #130, Houston, TX 77007"
"Sunday Nails Spa","803 Hwy 6 Ste. E, Houston, TX 77079"
"Julian Nails","4814 Martin Luther King Blvd, Houston, TX 77021"
"Le Q Nails","614 S Wayside Dr #100, Houston, TX 77011"
"Jade Nails","7909 Hillcroft Ave Suite D, Houston, TX 77081"
"Nails Friendly","13505 Westheimer Rd, Houston, TX 77077"
"Plush Nails Studio","2518 Times Blvd, Houston, TX 77005"
"TN Nails & Spa","13711 Westheimer Rd M, Houston, TX 77077"
"Spencer Nails South Houston","1611 Spencer Hwy Suite H, South Houston, TX 77587"
"Rumors Nails & Spa","7089 Hwy 6 N, Houston, TX 77095"
"Venetian Nail Design ($25 Regular Pedicure)","1510 Eldridge Pkwy S #120, Houston, TX 77077"
"La Palm Nails Spa","In side galleria mall,between La madeleine and house of hoops, 5015 Westheimer Rd ste 1425, Houston, TX 77056"
"OK1 Nails & Hair","6060 Bellaire Blvd # F, Houston, TX 77081"
"TEXAN NAILS SPA","12859 Gulf Fwy, Houston, TX 77034"
"Image Nails","720 Gulfgate Center Mall, Houston, TX 77087"
"Heavenly Lashes Nail Spa","2007 W Alabama St c, Houston, TX 77098"
"Aura Nail & Spa","3201 N Shepherd Dr #115, Houston, TX 77018"
"Eden Nails & Spa (10% & 15% OFF Happy Hour: 9:30AM - 3PM)","8236 Kirby Dr, Houston, TX 77054"
"Houston Nails","6515 Tidwell Rd, Houston, TX 77016"
"Griggs Nails","5074 Griggs Rd, Houston, TX 77021"
"Blue Sky Nails","9990D Kleckley Dr, Houston, TX 77075"
"Palace Nails Spa","8498 S Sam Houston Pkwy E #1500, Houston, TX 77075"
"Edgebrook Nails","9820 Gulf Fwy, Houston, TX 77034"
"D Nails & Spa","10142 Hammerly Blvd, Houston, TX 77080"
